{"cameraMode":{"drawMode":0,"name":"Shaded","section":"Shading Mode"},"sceneLighting":true,"audioPlay":false,"sceneViewState":{"m_AlwaysRefresh":false,"showFog":true,"showSkybox":true,"showFlares":true,"showImageEffects":true,"showParticleSystems":true,"showVisualEffectGraphs":true,"m_FxEnabled":true},"in2DMode":false,"pivot":{"x":-7.081472396850586,"y":6.612973213195801,"z":2.9708807468414308},"rotation":{"x":0.041000526398420337,"y":0.8783425688743591,"z":-0.07660918682813645,"w":0.47007548809051516},"size":0.0008147053886204958,"orthographic":false}